-- phpMyAdmin SQL Dump
-- version 5.2.1
-- https://www.phpmyadmin.net/
--
-- Servidor: 127.0.0.1
-- Tiempo de generación: 20-10-2023 a las 21:50:33
-- Versión del servidor: 8.0.34
-- Versión de PHP: 8.2.4

SET SQL_MODE = "NO_AUTO_VALUE_ON_ZERO";
START TRANSACTION;
SET time_zone = "+00:00";


/*!40101 SET @OLD_CHARACTER_SET_CLIENT=@@CHARACTER_SET_CLIENT */;
/*!40101 SET @OLD_CHARACTER_SET_RESULTS=@@CHARACTER_SET_RESULTS */;
/*!40101 SET @OLD_COLLATION_CONNECTION=@@COLLATION_CONNECTION */;
/*!40101 SET NAMES utf8mb4 */;

--
-- Base de datos: `agenciajexxy_bdcompraahora`
--
CREATE DATABASE IF NOT EXISTS `agenciajexxy_bdcompraahora` DEFAULT CHARACTER SET utf8mb4 COLLATE utf8mb4_0900_ai_ci;
USE `agenciajexxy_bdcompraahora`;

-- --------------------------------------------------------

--
-- Estructura de tabla para la tabla `catalogo`
--

CREATE TABLE `catalogo` (
  `CodigoProducto` int NOT NULL,
  `Proveedor` varchar(100) COLLATE utf8mb4_general_ci NOT NULL,
  `Descripcion` varchar(150) COLLATE utf8mb4_general_ci NOT NULL,
  `IdProveedor` int NOT NULL
) ENGINE=InnoDB DEFAULT CHARSET=utf8mb4 COLLATE=utf8mb4_general_ci;

--
-- Volcado de datos para la tabla `catalogo`
--

INSERT INTO `catalogo` (`CodigoProducto`, `Proveedor`, `Descripcion`, `IdProveedor`) VALUES
(2510, 'AGRO INDUSTRIAL PARAMONGA S.A.', 'AZUCAR RUBIA DULFINA*1 KG*10UND', 1),
(2511, 'AGRO INDUSTRIAL PARAMONGA S.A.', 'AZUCAR BLANCA DULFINA*1 KG*10UND', 1),
(2515, 'AGRO INDUSTRIAL PARAMONGA S.A.', 'AZUCAR RUBIA DULFINA*1/2 KG *20UND\r\n', 1),
(2520, 'AGRO INDUSTRIAL PARAMONGA S.A.', 'AZUCAR RUBIA DULFINA*5 KG *UND\r\n', 1),
(2521, 'AGRO INDUSTRIAL PARAMONGA S.A.', 'AZUCAR BLANCA DULFINA* 5 KG *UND\r\n', 1),
(2650, 'DOÑA GUMI', 'ARROZ DOÑA GUMI EXTRA *PQT* 10UND *750 GR', 2),
(3043, 'AJINOMOTO DEL PERU S.A.', 'AJINOSILLAO FCO * 280ML * 3 UNID', 3),
(3047, 'AJINOMOTO DEL PERU S.A.', 'AJINOSILLAO*FCO*500ML* 6UND', 3),
(3048, 'AJINOMOTO DEL PERU S.A.', 'AJINOSILLAO*FCO*150ML* 6UND', 3),
(3140, 'AJINOMOTO DEL PERU S.A.', 'SAZONADOR CHIFA AJI-NO-MIX*10SOB*12GR', 3),
(4005, 'DOÑA GUMI', 'ACEITE OLIVA EXT. VIRGEN DOÑA GUMI UD*200 MLL', 2),
(4006, 'DOÑA GUMI', 'ACEITE OLIVA EXT VIRGEN DOÑA GUMI UD* 500 MLL', 2),
(4070, 'DOÑA GUMI', 'ACEITE DOÑA GUMI  VEGETAL * CJA * 1 LT *12 UNDS', 2),
(4073, 'DOÑA GUMI', 'ACEITE DOÑA GUMI  *CJA*24UND*200ML', 2),
(6049, 'AJINOMOTO DEL PERU S.A.', 'AJINOMOTO*BOL*60 SOB ( S/.0.20 )', 3),
(6050, 'AJINOMOTO DEL PERU S.A.', 'AJINOMOTO * 1.5GR *BOL*300SOB', 3),
(6051, 'AJINOMOTO DEL PERU S.A.', 'AJINOMOTO NARANJA*BOL*54SOB* 16GR', 3),
(6052, 'AJINOMOTO DEL PERU S.A.', 'AJINOMOTO * BOL* 20 SOB ( S/.0.50 )', 3),
(6053, 'AJINOMOTO DEL PERU S.A.', 'AJINOMOTO *BOL* 20SOB ( S/.1.00 )', 3),
(6060, 'AJINOMOTO DEL PERU S.A.', 'DOÑA GUSTA GALLINA*TIRA*20SOB*7GR', 3),
(6061, 'AJINOMOTO DEL PERU S.A.', 'DOÑA GUSTA CARNE  *TIRA*20SOB*7GR.', 3),
(6062, 'AJINOMOTO DEL PERU S.A.', 'DOÑA GUSTA PESC-MARISCO*20SOB*7GR', 3),
(6064, 'AJINOMOTO DEL PERU S.A.', 'AJINOMEN SOPA CAMARON  *6SOB*85GR', 3),
(6066, 'AJINOMOTO DEL PERU S.A.', 'AJINOMEN SOPA GALLINA  *6SOB*80GR', 3),
(6067, 'AJINOMOTO DEL PERU S.A.', 'AJINOMEN SOPA CARNE    *6SOB*80 GR', 3),
(6068, 'AJINOMOTO DEL PERU S.A.', 'AJINOMEN SOPA ORIENTAL *6SOB*85GR', 3),
(6084, 'AJINOMOTO DEL PERU S.A.', 'AJINOMEN SOPA POLLO    *6SOB*80GR', 3),
(6086, 'AJINOMOTO DEL PERU S.A.', '6 DOÑA GUSTA COSTILLA *TIRA*20SOB*7GR.', 3),
(6092, 'AJINOMOTO DEL PERU S.A.', 'DELI ARROZ PQT*20SOB*12GR', 3),
(7075, 'AJINOMOTO DEL PERU S.A.', 'SOPA CARNE CRIOLLA AJI-NO-MEN*6SOB*86GR', 3),
(7085, 'AJINOMOTO DEL PERU S.A.', 'AJINOMEN POLLOC/VERDURAS*6SOB*80GR', 3),
(7086, 'AJINOMOTO DEL PERU S.A.', 'AJINOMEN PICANTE GALLINA*6SOB*85GR', 3),
(7095, 'AJINOMOTO DEL PERU S.A.', 'AJI-NO-MEN GALLINA CRIOLLA X6 SOB.*86GR', 3),
(7104, 'AJINOMOTO DEL PERU S.A.', 'AJI-NO-MIX CROCANTE*3 SOB*96 GR', 3),
(7105, 'AJINOMOTO DEL PERU S.A.', 'AJI-NO-MIX APANADO X 3 SOB X 96 GR', 3),
(8500, 'DOÑA GUMI', 'GRATED ATUN DOÑA GUMI A/V*6UND*170GR A/F', 2),
(8506, 'DOÑA GUMI', 'TROZOS ATUN DOÑA GUMI A/V*6UND*170GRM A/F', 2),
(8520, 'DOÑA GUMI', 'FILETE ATUN DOÑA GUMI A/V*6UND*170 GR A/F', 2),
(8552, 'DOÑA GUMI', 'GRATED ATUN DOÑA GUMI A/V* 6UND*170GR A/F\r\n', 2),
(10340, 'DOÑA GUMI', 'COCOA DOÑA GUMI X DISP X 25 SOBRES X 11 GR', 2),
(10342, 'DOÑA GUMI', 'COCOA DOÑA GUMI X SOBRE X 160 GR', 2),
(10350, 'DOÑA GUMI', 'TABLETA P/TAZA DOÑA GUMI *DISP* 12UND X 90GR', 2),
(12100, 'DOÑA GUMI', 'TE,CANELA,CLAV.DOÑA GUMI*100SOBRES', 2),
(12101, 'DOÑA GUMI', 'TE PURO D.GUMI *100SOBRES', 2),
(13348, 'DOÑA GUMI', 'MERMELADA FRESA DOÑA GUMI*1KG', 2),
(13353, 'DOÑA GUMI', 'MERM. DOÑA GUMI   FRESA*VASO*320GR', 2),
(13363, 'DOÑA GUMI', 'MERMELADA DOÑA GUMI*BOL*12UND*100GR', 2),
(17615, 'COLGATE-PALMOLIVE PERU S.A.', 'JABON PROTEX LIMP.PROFUNDA* 130GR\r\n', 4),
(17644, 'COLGATE-PALMOLIVE PERU S.A.', 'JABON PROTEX COMPLETE 12HRS *UND*130GR', 4),
(17647, 'COLGATE-PALMOLIVE PERU S.A.', 'JABON PROTEX OMEGA3 *130GR*UND', 4),
(17648, 'COLGATE-PALMOLIVE PERU S.A.', 'JABON PROTEX MEN*UND*130GRM', 4),
(17731, 'COLGATE-PALMOLIVE PERU S.A.', 'DESOD.LADY SPEED STICK*DISPAY*16+2UND*12GR', 4),
(17732, 'COLGATE-PALMOLIVE PERU S.A.', 'DESOD.MEN SPEED STICK *DISPLAY*16+2UND*12GR', 4),
(17791, 'COLGATE-PALMOLIVE PERU S.A.', 'DESODORANTE LADY SPEED STICK*SPRAY*60GR', 4),
(17792, 'COLGATE-PALMOLIVE PERU S.A.', 'DESODORANTE MEN SPEED STICK *SPRAY*60GR', 4),
(17836, 'COLGATE-PALMOLIVE PERU S.A.', 'JAB. PALMOLIVE NAT AVENA Y AZÚCAR 130GR', 4),
(17837, 'COLGATE-PALMOLIVE PERU S.A.', 'JAB.PALMOLIVE NAT OLIVA Y ALOE 130GR', 4),
(17838, 'COLGATE-PALMOLIVE PERU S.A.', 'JAB.PALMOLIVE INTENSA RENOVACION*130GR', 4),
(17839, 'COLGATE-PALMOLIVE PERU S.A.', 'JABON PALMOLIVE HIDRAT. RADIANTE*UND*130GR', 4),
(20080, 'COLGATE-PALMOLIVE PERU S.A.', 'KOLYNOS SUPER BLANCO X 12 UNIDADES X 75 ML', 4),
(20087, 'COLGATE-PALMOLIVE PERU S.A.', 'KOLYNOS HERBAL X PAQUETE X 12 UNIDADES X 90ML', 4),
(20111, 'COLGATE-PALMOLIVE PERU S.A.', 'KOLYNOS SUPER BCO PEQUEÑO *12UND*22ML', 4),
(20141, 'COLGATE-PALMOLIVE PERU S.A.', 'COLGATE HERBAL X PAQUETE X 12UNIDADES X 90 GR', 4),
(20156, 'COLGATE-PALMOLIVE PERU S.A.', 'COLGATE TOTAL X 12 UNIDADES X 75 ML', 4),
(20161, 'COLGATE-PALMOLIVE PERU S.A.', 'C.D. SMILES BARBIE (6 +) COLGATE * UND* 75 ML', 4),
(20171, 'COLGATE-PALMOLIVE PERU S.A.', 'C.D.SMILES BARBIE(2-5)COLGATE*UND*75MLL', 4),
(20173, 'COLGATE-PALMOLIVE PERU S.A.', 'C.D.SMILES BOD ESP.(2-5)COLGATE*UND*75MLL', 4),
(20179, 'COLGATE-PALMOLIVE PERU S.A.', 'COLGATE TRIPLE ACCION X 12 UNIDADES X 75 ML', 4),
(20181, 'COLGATE-PALMOLIVE PERU S.A.', 'COLGATE TRIPLE ACCION PEQUEÑO*12UNIDADES*22ML', 4),
(20203, 'COLGATE-PALMOLIVE PERU S.A.', 'TRIPLE ACCION*50ML+CEP.PREM.CLEAN*PQT*06UND', 4),
(20220, 'COLGATE-PALMOLIVE PERU S.A.', 'COLGATE TRIPLE ACCION X 06 UNIDADES X 45 ML', 4),
(20222, 'COLGATE-PALMOLIVE PERU S.A.', 'COLGATE LUMINOUS WHITE * 4 UND * 75ML', 4),
(20223, 'COLGATE-PALMOLIVE PERU S.A.', 'C.D.COLGATE MAX.PROT.NEUTRAZUCAR*UND*45ML', 4),
(20225, 'COLGATE-PALMOLIVE PERU S.A.', 'CD COLGATE MAX.PROTE.ANTICARIES*12UND*63ML', 4),
(20226, 'COLGATE-PALMOLIVE PERU S.A.', 'COLGATE TRIPLE ACCION*12UND*150ML', 4),
(21310, 'COLGATE-PALMOLIVE PERU S.A.', 'CEPILLO TRIPLE ACCION X UND', 4),
(21401, 'COLGATE-PALMOLIVE PERU S.A.', 'CEPILLO KOLYNOS MASTER PLUS X DIS X *12+2 UND', 4),
(21403, 'COLGATE-PALMOLIVE PERU S.A.', 'CEPILLO COLGATE PREMIER CLEAN *DISP* 12+2 UND', 4),
(21419, 'COLGATE-PALMOLIVE PERU S.A.', 'CEPILLO COLGATE PREMIER CLEAN X TIRA X 12 UND', 4),
(21425, 'COLGATE-PALMOLIVE PERU S.A.', 'CEPILLO DR.RABBIT 2AÑOS A MAS COLGATE*12UND', 4),
(21435, 'COLGATE-PALMOLIVE PERU S.A.', 'CEP.COLGATE KIDS ( 5 AÑOS A MAS )*12UND', 4),
(21523, 'COLGATE-PALMOLIVE PERU S.A.', 'ENJUAGUE BUCAL PLAX ICE *FCO * 60 ML', 4),
(21551, 'COLGATE-PALMOLIVE PERU S.A.', 'CEPILLO COLGATE EXTRA CLEAN *BLISTER*2 UND', 4),
(25104, 'AGRO INDUSTRIAL PARAMONGA S.A.', 'AZUCAR RUBIA DULFINA*1 KG*10UND', 1),
(25112, 'AGRO INDUSTRIAL PARAMONGA S.A.', 'AZUCAR BLANCA DULFINA*1 KG*10UND', 1),
(25153, 'AGRO INDUSTRIAL PARAMONGA S.A.', 'AZUCAR RUBIA DULFINA*1/2 KG *20UND\r\n', 1),
(25205, 'AGRO INDUSTRIAL PARAMONGA S.A.', 'AZUCAR RUBIA DULFINA*5 KG *UND\r\n', 1),
(25214, 'AGRO INDUSTRIAL PARAMONGA S.A.', 'AZUCAR BLANCA DULFINA* 5 KG *UND\r\n', 1),
(26141, 'CARTAVIO RUM COMPANY S.A.C.', 'RON CARTAVIO BLACK * 1LT', 6),
(26145, 'CARTAVIO RUM COMPANY S.A.C.', 'RON CARTAVIO BLACK *750ML.', 6),
(26146, 'CARTAVIO RUM COMPANY S.A.C.', 'RON CARTAVIO BLACK *250ML.', 6),
(26158, 'CARTAVIO RUM COMPANY S.A.C.', 'RON CARTAVIO RUBIO *750ML.', 6),
(26159, 'CARTAVIO RUM COMPANY S.A.C.', 'RON CARTAVIO BLANCO *750ML.', 6),
(26160, 'CARTAVIO RUM COMPANY S.A.C.', 'CARTAVIO BLANCO *1 LT', 6),
(26161, 'CARTAVIO RUM COMPANY S.A.C.', 'CARTAVIO SUPERIOR *1 LT', 6),
(26162, 'CARTAVIO RUM COMPANY S.A.C.', 'RON CARTAVIO BLANCO *250ML.', 6),
(26163, 'CARTAVIO RUM COMPANY S.A.C.', 'RON CARTAVIO RUBIO *250ML.', 6),
(26167, 'CARTAVIO RUM COMPANY S.A.C.', 'RON CARTAVIO BLACK X 125 ML', 6),
(26168, 'CARTAVIO RUM COMPANY S.A.C.', 'RON CARTAVIO BLANCO *125ML', 6),
(26169, 'CARTAVIO RUM COMPANY S.A.C.', 'RON CARTAVIO RUBIO *125ML', 6),
(26186, 'CARTAVIO RUM COMPANY S.A.C.', 'CARTAVIO SOLERA *UND*750ML.', 6),
(26187, 'CARTAVIO RUM COMPANY S.A.C.', 'CARTAVIO AÑEJO 3 AÑOS*750ML', 6),
(26223, 'CARTAVIO RUM COMPANY S.A.C.', 'VODKA RUSSKAYA * UND *750ML', 6),
(26224, 'CARTAVIO RUM COMPANY S.A.C.', 'VODKA RUSSKAYA CITRUS *UND*750ML', 6),
(26226, 'CARTAVIO RUM COMPANY S.A.C.', 'VODKA RUSSKAYA * UND *1 LT', 6),
(26505, 'DOÑA GUMI', 'ARROZ DOÑA GUMI EXTRA *PQT* 10UND *750 GR', 2),
(26631, 'CARTAVIO RUM COMPANY S.A.C.', 'RON CARTAVIO CAPRICHO * UND* 700 MLL', 6),
(26750, 'BODEGAS Y VIÑEDOS TABERNERO S.A.C.', 'ESPUMANTE TABERNERO ESPECIAL S/SECO *750ML', 5),
(26756, 'BODEGAS Y VIÑEDOS TABERNERO S.A.C.', 'V.TABERNERO BORGOÑA * 750ML', 5),
(26758, 'BODEGAS Y VIÑEDOS TABERNERO S.A.C.', 'V.T.GRAN ROSE SEMI SECO*750ML', 5),
(26768, 'BODEGAS Y VIÑEDOS TABERNERO S.A.C.', 'VINO TABERNERO G. TINTO SEMISECO*UND*750ML', 5),
(26788, 'BODEGAS Y VIÑEDOS TABERNERO S.A.C.', 'V.TABERNERO  PAIS TINTO SEMI SECO X 750 ML', 5),
(26801, 'BODEGAS Y VIÑEDOS TABERNERO S.A.C.', 'PISCO ACHOLADO \"LA BOTIJA\"*700ML (TUBULAR)', 5),
(26802, 'BODEGAS Y VIÑEDOS TABERNERO S.A.C.', 'PISCO ITALIA  \"LA BOTIJA\" *700ML (TUBULAR)', 5),
(26804, 'BODEGAS Y VIÑEDOS TABERNERO S.A.C.', 'PISCO QUEBRANTA\"LA BOTIJA\"750ML ( TUBULAR )', 5),
(26805, 'BODEGAS Y VIÑEDOS TABERNERO S.A.C.', 'PISCO QUEBRANTA LA BOTIJA * 2LT', 5),
(30431, 'AJINOMOTO DEL PERU S.A. ', 'AJINOSILLAO FCO * 280ML * 3 UNID', 3),
(30433, 'AJINOMOTO DEL PERU S.A. ', 'AJINOSILLAO FCO * 280ML * 3 UNID', 3),
(30472, 'AJINOMOTO DEL PERU S.A.', 'AJINOSILLAO FRASCO* 500ML*6 UND\r\n', 3),
(30473, 'AJINOMOTO DEL PERU S.A.', 'AJINOSILLAO FRASCO* 500ML*6 UND\r\n', 3),
(30482, 'AJINOMOTO DEL PERU S.A.', 'AJINOSILLAO FRASCO* 150ML*6 UND', 3),
(30484, 'AJINOMOTO DEL PERU S.A.', 'AJINOSILLAO FRASCO* 150ML*6 UND', 3),
(31404, 'AJINOMOTO DEL PERU S.A.', 'SAZONADOR CHIFA AJI-NO-MIX*10SOB*12GR', 3),
(31405, 'AJINOMOTO DEL PERU S.A.', 'SAZONADOR CHIFA AJI-NO-MIX*10SOB*12GR', 3),
(33655, 'DOÑA GUMI', 'PANETON DOÑA GUMI*BOL*900 GR.', 2),
(34180, 'CLOROX PERU S.A.', 'CERA ALAGUA LIMON EMPERATRIZ*330ML.', 7),
(34181, 'CLOROX PERU S.A.', 'CERA AUTOB.EMPERATRIZ LIMON *300ML.', 7),
(34200, 'CLOROX PERU S.A.', 'CERA LIQEMPERATRIZ AMARILLA *300ML.', 7),
(34201, 'CLOROX PERU S.A.', 'CERA PASTA EMPERATR AMARILLA*300ML', 7),
(34205, 'CLOROX PERU S.A.', 'CERA PASTA EMPERATR AMARILLA*300ML', 7),
(34206, 'CLOROX PERU S.A.', 'CERA PASTA EMPERATR AMARILLA*300ML', 7),
(34207, 'CLOROX PERU S.A.', 'CERA PASTA EMPERATR AMARILLA*300ML', 7),
(34211, 'CLOROX PERU S.A.', 'CERA PASTA EMPERATR AMARILLA*300ML', 7),
(34233, 'CLOROX PERU S.A.', 'POETT PRIMAVERA *SPRAY*360CC.', 7),
(34290, 'CLOROX PERU S.A.', 'PINESOL ORIGINAL*FCO*900 ML.', 7),
(34401, 'CLOROX PERU S.A.', 'POETT PRIMAVERA *BOT* 900ML', 7),
(34402, 'CLOROX PERU S.A.', 'POETT PRIMAVERA *BOT* 900ML', 7),
(34423, 'CLOROX PERU S.A.', 'LIMPIADOR POETT BEBE*BOT*325MLL', 7),
(34424, 'CLOROX PERU S.A.', 'LIMPIADOR POETT E.JOVEN*BOT*325ML', 7),
(34425, 'CLOROX PERU S.A.', 'LIMPIADOR POETT B.BAMBU*BOT*325ML', 7),
(34426, 'CLOROX PERU S.A.', 'LIMPIADOR POETT DEJAVU*BOT*325ML', 7),
(34430, 'CLOROX PERU S.A.', 'LIMPIADOR POETT B.BAMBU*BOT*648ML', 7),
(34432, 'CLOROX PERU S.A.', 'LIMPIADOR POETT BEBE*BOT*648ML', 7),
(34433, 'CLOROX PERU S.A.', 'LIMPIADOR POETT PRIMAVERA*BOT*648MLL', 7),
(34436, 'CLOROX PERU S.A.', 'LIMPIADOR POETT DEJAVU*BOT*648ML', 7),
(34440, 'CLOROX PERU S.A.', 'LEJIA CLOROX TRAD. *BOT* 891GR.', 7),
(34480, 'CLOROX PERU S.A.', 'LEJ. CLOROX POWER GEL ORIG*UND*275ML', 7),
(34481, 'CLOROX PERU S.A.', 'LEJIA CLOROX POWER GEL FLORAL*UND*275ML', 7),
(34482, 'CLOROX PERU S.A.', 'LEJIA CLOROX POWER GEL LAVANDA*UND*275ML', 7),
(34580, 'CLOROX PERU S.A.', 'LEJIA CLOROX TRADIC.*PAQ*15UND*345GRM', 7),
(34581, 'CLOROX PERU S.A.', 'LEJIA CLOROX TRAD *PAQ *15UND*680GR', 7),
(34595, 'CLOROX PERU S.A.', 'CLOROX ROPA DE COLOR* BOT*292 ML.', 7),
(34596, 'CLOROX PERU S.A.', 'CLOROX ROPA DE COLOR* BOT*580 ML.', 7),
(34700, 'CLOROX CHILE S.A.', 'ESCOBILLON CLORINDA INTERIOR *UND', 8),
(34701, 'CLOROX CHILE S.A.', 'ESCOBILLON CLORINDA MULTIUSO*UND', 8),
(34750, 'CLOROX PERU S.A.', 'CLOROX ROPA DE COLOR* BOT*580 ML.', 7),
(34911, 'CLOROX PERU S.A.', 'PAÑO DE LIMPIEZA DIARIA CLEANING *3 UNDS', 7),
(34913, 'CLOROX PERU S.A.', 'PAÑO MULTIUSOS CLEANING *3 UNDS', 7),
(34916, 'CLOROX PERU S.A.', 'PAÑO MULTIUSOS CLEANING *UND', 7),
(34917, 'CLOROX PERU S.A.', 'CLOROX ROPA DE COLOR* BOT*580 ML.', 7),
(34918, 'CLOROX PERU S.A.', 'ESPONJA DOBLE USO CLOROX *TIRA* 8 UND', 7),
(34950, '3M PERU S.A.', 'ESPONJA VERDE SCOTCH BRITE*DIS*15UND\r\n', 9),
(34951, '3M PERU S.A.', 'ESPONJA VERDE SCOTCH BRITE*DIS*18 UND', 9),
(34954, '3M PERU S.A.', 'ESPONJA LA MAQUINA SCOTCH BRITE*DIS*13UND', 9),
(34955, '3M PERU S.A.', 'ESPONJA2EN1SCOTCH BRITE*DIS*6+1UND', 9),
(34957, '3M PERU S.A.', 'ESPONJA C.RAYAS SCOTCH BRITE2EN1DIS*6+1UND', 9),
(34958, '3M PERU S.A.', 'ESPONJA VERDE SCOTCH BRITE*DIS*15UND', 9),
(34964, '3M PERU S.A.', 'PAÑO SECATODO SCOTCH BRITE*PAQ*14UND', 9),
(34970, '3M PERU S.A.', 'GUANTES SCOTCH BRITE COCINA MEDIANO*1*PAR', 9),
(34971, '3M PERU S.A.', 'GUANTES SCOTCH BRITE MULTIUSO MEDIANO*1*PAR', 9),
(34981, '3M PERU S.A.', 'PAÑO SCOTCH BRITE ABSORBENTE *4 UND', 9),
(34982, '3M PERU S.A.', 'PAÑO SCOTCH BRITE SECATODO *4 UND', 9),
(34983, '3M PERU S.A.', 'ESPONJA CERO RAYAS COCINA FIBRA 1 DP*6 UD', 9),
(34990, '3M PERU S.A.', 'ESPONJA LA MAQ. S. BRITE*DIS*12UND', 9),
(34991, '3M PERU S.A.', 'PAÑO SECATODO SCOTCH BRITE*PAQ*14UND', 9),
(38000, 'CLOROX PERU S.A.', 'CERA LIQUIDA AMARILLA*CJA*36*300ML', 7),
(38001, 'CLOROX PERU S.A.', 'CERA LIQUIDA ROJA*CJA*36*300ML', 7),
(38010, 'CLOROX PERU S.A.', 'CERA PASTA AMARILLA*CJA*36*300ML', 7),
(38011, 'CLOROX PERU S.A.', 'CERA PASTA ROJA*CJA*36*300ML', 7),
(38012, 'CLOROX PERU S.A.', 'CERA PASTA NEGRA*CJA*36*300ML', 7),
(38020, 'CLOROX PERU S.A.', 'CERA AUTOB.LIMON*CJA*36*300ML', 7),
(38021, 'CLOROX PERU S.A.', 'CERA AUTOB. ROJA*CJA*36*300ML', 7),
(38045, 'CLOROX PERU S.A.', 'CLOROX TRAD. *PAQ*6*2000GR', 7),
(38065, 'CLOROX PERU S.A.', 'PINESOL REGULAR *PQT *20 *267 ML', 7),
(38071, 'CLOROX PERU S.A.', 'PINESOL LIMON *PAQ*12*900ML', 7),
(38080, 'CLOROX PERU S.A.', 'PINESOL ORIGINAL *PAQ*6*1800ML', 7),
(38081, 'CLOROX PERU S.A.', 'PINESOL LIMON *PAQ*6*1800ML', 7),
(38089, 'CLOROX PERU S.A.', 'PINESOL ORIGINAL 4 * 3,800 ML', 7),
(38095, 'CLOROX PERU S.A.', 'CLOROX TRAD. R/COLOR *PAQ*12*930ML', 7),
(38120, 'CLOROX PERU S.A.', 'POETT BEBE *PAQ*12*900ML', 7),
(38121, 'CLOROX PERU S.A.', 'POETT PRIMAVERA*PAQ*12*900ML', 7),
(38122, 'CLOROX PERU S.A.', 'POETT LAVANDA*PAQ*12*900ML', 7),
(38124, 'CLOROX PERU S.A.', 'POETT SUAVIDAD*PAQ*12*900ML\r\n', 7),
(38125, 'CLOROX PERU S.A.', 'POETT ESPIRITU JOVEN*PAQ*12*900ML', 7),
(38126, 'CLOROX PERU S.A.', 'POETT BOSQUE BAMBU*PAQ*12*900ML', 7),
(38140, 'CLOROX PERU S.A.', 'POETT BEBE * PAQ*6*1800ML', 7),
(38141, 'CLOROX PERU S.A.', 'POETT PRIMAVERA*PAQ*6*1800ML', 7),
(38142, 'CLOROX PERU S.A.', 'POETT LAVANDA*PAQ*6*1800ML', 7),
(38146, 'CLOROX PERU S.A.', 'POETT BEBE GALON * 4 UND * 3800ML', 7),
(38147, 'CLOROX PERU S.A.', 'POETT PRIMAVERA GALON * 4 UND * 3800ML', 7),
(38157, 'CLOROX PERU S.A.', 'POETT ESPIRIT JOVEN SPRAY*PQ*12*360ML', 7),
(38159, 'CLOROX PERU S.A.', 'POETT BOSQ. BAMBU AEROSL*PQ*12*360ML', 7),
(38191, 'CLOROX PERU S.A.', 'CLOROX TRAD. R/BLANCA *PAQ*12*930ML', 7),
(38197, 'CLOROX PERU S.A.', 'CLOROX ROPA DE COLOR*20*292 ML.', 7),
(38198, 'CLOROX PERU S.A.', 'CLOROX ROPA DE COLOR* 20*580 ML.', 7),
(38199, 'CLOROX PERU S.A.', 'ROPA COLOR CLOROX *CJA*36 UND*100 ML', 7),
(38208, 'CLOROX PERU S.A.', 'LEJIA CLOROX TRADICIONAL *PQT *4 UND *4 KG', 7),
(38225, 'CLOROX PERU S.A.', 'POETT BEBE AEROSOL *PAQ*12*360ML', 7),
(38226, 'CLOROX PERU S.A.', 'POETT PRIMAVERA AEROSOL*PQ*12*360ML', 7),
(38229, 'CLOROX PERU S.A.', 'POETT SOLO PARA TI *PQ*12*360ML', 7),
(38260, 'CLOROX PERU S.A.', 'CLOROX TRAD. *PAQ*12*891GR', 7),
(38280, 'CLOROX PERU S.A.', 'CLOROX POWER GEL ORIGINAL*PAQ*24UND*275ML', 7),
(38281, 'CLOROX PERU S.A.', 'CLOROX POWER GEL FLORAL*PAQ*24UND*275ML', 7),
(38282, 'CLOROX PERU S.A.', 'CLOROX POWER GEL LAVANDA*PAQ*24UND*275ML', 7),
(38600, 'CLOROX PERU S.A.', 'LEJIA CLOROX TRADIC.*PAQ*15UND*345GR', 7),
(38601, 'CLOROX PERU S.A.', 'LEJIA CLOROX TRADIC*15UND*680GR', 7),
(38650, 'CLOROX PERU S.A.', 'LIMPIADOR POETT LAVANDA*BOT*15*325ML', 7),
(38652, 'CLOROX PERU S.A.', 'LIMPIADOR POETT BEBE*BOT*15*325ML', 7),
(38654, 'CLOROX PERU S.A.', 'LIMPIADOR POETT B.BAMBU*BOT*15*325ML', 7),
(38656, 'CLOROX PERU S.A.', 'LIMPIADOR POETT SOLO PARA TI*BOT*15*325ML', 7),
(38701, 'CLOROX PERU S.A.', 'LIMPIADOR POETT PRIMAVERA*BOT*15*648ML', 7),
(38702, 'CLOROX PERU S.A.', 'LIMPIADOR POETT BEBE*BOT*15*648ML', 7),
(38703, 'CLOROX PERU S.A.', 'LIMPIADOR POETT B.BAMBU*BOT*15*648ML', 7),
(40054, 'DOÑA GUMI', 'ACEITE OLIVA EXT VIRGEN DOÑA GUMI*UND*200 ML', 2),
(40056, 'DOÑA GUMI', 'ACEITE OLIVA EXT VIRGEN DOÑA GUMI*UND*200 ML', 2),
(40065, 'DOÑA GUMI', 'ACEITE OLIVA EXT VIRGEN DOÑA GUMI*UND*500 ML\r\n', 2),
(40068, 'DOÑA GUMI', 'ACEITE OLIVA EXT VIRGEN DOÑA GUMI*UND*500 ML\r\n', 2),
(40204, 'ADM SAO PERU S.A. ', 'SAO VEGETAL - SOYA *CJA*12* 1LT.\r\n', 10),
(40209, 'ADM SAO PERU S.A. ', 'SAO VEGETAL - SOYA *CJA*12* 1LT.\r\n', 10),
(40210, 'ADM SAO PERU S.A. ', 'SAO VEGETAL - SOYA *CJA*24*1/2LT', 10),
(40216, 'ADM SAO PERU S.A. ', 'SAO VEGETAL - SOYA *CJA*24*1/2LT', 10),
(40247, 'ADM SAO PERU S.A. ', 'SAO VEGETAL - SOYA * BIDON * 5LT.\r\n', 10),
(40249, 'ADM SAO PERU S.A. ', 'SAO VEGETAL - SOYA * BIDON * 5LT.\r\n', 10),
(40707, 'DOÑA GUMI', 'ACEITE \"DOÑA GUMI \" VEGETAL* CJA *1LT*12UND\r\n', 2),
(40708, 'DOÑA GUMI', 'ACEITE \"DOÑA GUMI \" VEGETAL* CJA *1LT*12UND\r\n', 2),
(40734, 'DOÑA GUMI', 'ACEITE \"DOÑA GUMI \" *CJA*24UND*200ML', 2),
(40739, 'DOÑA GUMI', 'ACEITE \"DOÑA GUMI \" *CJA*24UND*200ML', 2),
(60495, 'AJINOMOTO DEL PERU S.A.', 'AJINOMOTO*BOL*60 SOB (S/.0.20)', 3),
(60498, 'AJINOMOTO DEL PERU S.A.', 'AJINOMOTO*BOL*60 SOB (S/.0.20)', 3),
(60514, 'AJINOMOTO DEL PERU S.A.', 'AJINOMOTO NARANJA *BOL*54 SOB.', 3),
(60517, 'AJINOMOTO DEL PERU S.A.', 'AJINOMOTO NARANJA *BOL*54 SOB.', 3),
(60524, 'AJINOMOTO DEL PERU S.A.', ' AJINOMOTO * BOL* 20 SOB ( S/.0.50 )\r\n', 3),
(60528, 'AJINOMOTO DEL PERU S.A.', ' AJINOMOTO * BOL* 20 SOB ( S/.0.50 )\r\n', 3),
(60533, 'AJINOMOTO DEL PERU S.A.', 'AJINOMOTO * BOL* 20 SOB ( S/.1.00 )\r\n', 3),
(60539, 'AJINOMOTO DEL PERU S.A.', 'AJINOMOTO * BOL* 20 SOB ( S/.1.00 )\r\n', 3),
(60540, 'AJINOMOTO DEL PERU S.A.', 'AJINOMOTO * BOL* 20 SOB *100GR\r\n', 3),
(60541, 'AJINOMOTO DEL PERU S.A.', 'AJINOMOTO * BOL* 20 SOB *100GR\r\n', 3),
(60603, 'AJINOMOTO DEL PERU S.A.', 'DOÑA GUSTA CALDO GALLINA *20SOB*7GR', 3),
(60608, 'AJINOMOTO DEL PERU S.A.', 'DOÑA GUSTA CALDO GALLINA *20SOB*7GR', 3),
(60614, 'AJINOMOTO DEL PERU S.A.', 'DOÑA GUSTA CALDO CARNE *20SOB*7GR', 3),
(60616, 'AJINOMOTO DEL PERU S.A.', 'DOÑA GUSTA CALDO CARNE *20SOB*7GR', 3),
(60623, 'AJINOMOTO DEL PERU S.A.', 'DOÑA GUSTA PESC-MARISCO*TIRA*20SOB*7GR', 3),
(60625, 'AJINOMOTO DEL PERU S.A.', 'DOÑA GUSTA PESC-MARISCO*TIRA*20SOB*7GR', 3),
(60642, 'AJINOMOTO DEL PERU S.A.', 'AJI-NO-MEN SOPA CAMARON X6 SOB.*80GR.', 3),
(60643, 'AJINOMOTO DEL PERU S.A.', 'AJI-NO-MEN SOPA CAMARON X6 SOB.*80GR.', 3),
(60663, 'AJINOMOTO DEL PERU S.A.', 'AJI-NO-MEN SOPA GALLINA X6 SOB.*80GR.', 3),
(60664, 'AJINOMOTO DEL PERU S.A.', 'AJI-NO-MEN SOPA GALLINA X6 SOB.*80GR.', 3),
(60671, 'AJINOMOTO DEL PERU S.A.', 'AJI-NO-MEN SOPA CARNE X6 SOB.*80GR', 3),
(60674, 'AJINOMOTO DEL PERU S.A.', 'AJI-NO-MEN SOPA CARNE X6 SOB.*80GR', 3),
(60683, 'AJINOMOTO DEL PERU S.A.', 'AJI-NO-MEN SOPA ORIENTAL X6 SOB.*80GR.', 3),
(60685, 'AJINOMOTO DEL PERU S.A.', 'AJI-NO-MEN SOPA ORIENTAL X6 SOB.*80GR.', 3),
(60724, 'AJINOMOTO DEL PERU S.A.', 'AJINOMOTO*BOL*60 SOB(S/.0.20) +6 SOBRES', 3),
(60725, 'AJINOMOTO DEL PERU S.A.', 'AJINOMOTO*BOL*60 SOB(S/.0.20) +6 SOBRES', 3),
(60805, 'AJINOMOTO DEL PERU S.A.', 'DOÑA GUSTA COSTILLA *20SOB*7GR', 3),
(60806, 'AJINOMOTO DEL PERU S.A.', 'DOÑA GUSTA COSTILLA *20SOB*7GR', 3),
(60853, 'AJINOMOTO DEL PERU S.A.', 'DELI ARROZ PQT*20SOB*12GR', 3),
(60856, 'AJINOMOTO DEL PERU S.A.', 'DELI ARROZ PQT*20SOB*12GR', 3),
(70705, 'AJINOMOTO DEL PERU S.A.', 'AJI-NO-MEN SOPA POLLO X6 SOB.*80GR.', 3),
(70707, 'AJINOMOTO DEL PERU S.A.', 'AJI-NO-MEN SOPA POLLO X6 SOB.*80GR.', 3),
(70753, 'AJINOMOTO DEL PERU S.A.', 'SOPA CARNE CRIOLLA AJI-NO-MEN*6SOB*86GR\r\n', 3),
(70755, 'AJINOMOTO DEL PERU S.A.', 'SOPA CARNE CRIOLLA AJI-NO-MEN*6SOB*86GR\r\n', 3),
(70855, 'AJINOMOTO DEL PERU S.A.', 'AJI-NO-MEN POLLOC/VERDURAS X6 SOB.*85GR.', 3),
(70858, 'AJINOMOTO DEL PERU S.A.', 'AJI-NO-MEN POLLOC/VERDURAS X6 SOB.*85GR.', 3),
(70863, 'AJINOMOTO DEL PERU S.A.', 'AJI-NO-MEN GALLINA PICANTE X6 SOB.*86GR', 3),
(70869, 'AJINOMOTO DEL PERU S.A.', 'AJI-NO-MEN GALLINA PICANTE X6 SOB.*86GR', 3),
(70952, 'AJINOMOTO DEL PERU S.A.', 'AJI-NO-MEN GALLINA CRIOLLA X 6 SOB.*86GR', 3),
(70956, 'AJINOMOTO DEL PERU S.A.', 'AJI-NO-MEN GALLINA CRIOLLA X 6 SOB.*86GR', 3),
(71003, 'AJINOMOTO DEL PERU S.A.', 'AJI-NO-MIX CROCANTE X 3 SOB X 96 GR', 3),
(71005, 'AJINOMOTO DEL PERU S.A.', 'AJI-NO-MIX CROCANTE X 3 SOB X 96 GR', 3),
(71013, 'AJINOMOTO DEL PERU S.A.', 'AJI-NO-MIX APANADO X 3 SOB X 96 GR\r\n', 3),
(71016, 'AJINOMOTO DEL PERU S.A.', 'AJI-NO-MIX APANADO X 3 SOB X 96 GR\r\n', 3),
(85503, 'DOÑA GUMI', 'FILETE ATUN DOÑA GUMI A/V*6UND*170 GR A/F', 2),
(85504, 'DOÑA GUMI', 'FILETE ATUN DOÑA GUMI A/V*6UND*170 GR A/F', 2),
(85513, 'DOÑA GUMI', 'TROZOS ATUN DOÑA GUMI A/V*6UND*170GRM A/F', 2),
(85514, 'DOÑA GUMI', 'TROZOS ATUN DOÑA GUMI A/V*6UND*170GRM A/F', 2),
(85522, 'DOÑA GUMI', 'GRATED ATUN DOÑA GUMI A/V* 6UND*170GR A/F\r\n', 2),
(103408, 'DOÑA GUMI', 'COCOA DOÑA GUMI X DISP X 25 SOBRES X 11 GR', 2),
(103428, 'DOÑA GUMI', 'COCOA DOÑA GUMI X SOBRE X 160 GR', 2),
(103450, 'DOÑA GUMI', 'COCOA DOÑA GUMI X DISP X 25 SOBRES X 11 GR', 2),
(103472, 'DOÑA GUMI', 'COCOA DOÑA GUMI X SOBRE X 160 GR', 2),
(103503, 'DOÑA GUMI', 'TABLETA P/TAZA DOÑA GUMI *DISP* 12UND X 90GR', 2),
(103507, 'DOÑA GUMI', 'TABLETA P/TAZA DOÑA GUMI *DISP* 12UND X 90GR', 2),
(105302, 'ALTOMAYO PERU S.A.C.', 'ALTOMAYO CLASICO P/PASAR *SOBRE X 50GR.', 12),
(105307, 'ALTOMAYO PERU S.A.C.', 'ALTOMAYO CLASICO P/PASAR *SOBRE X 50GR.', 12),
(105351, 'ALTOMAYO PERU S.A.C.', 'KIMBO CEBADA INSTANTANEA *FCO* 190GR', 12),
(105355, 'ALTOMAYO PERU S.A.C.', 'KIMBO CEBADA INSTANTANEA *FCO* 190GR', 12),
(105394, 'ALTOMAYO PERU S.A.C. ', 'ALTOMAYO CLASICO * FRASCO *50GR.', 12),
(105398, 'ALTOMAYO PERU S.A.C. ', 'ALTOMAYO CLASICO * FRASCO *50GR.', 12),
(105462, 'ALTOMAYO PERU S.A.C. ', 'ALTOMAYO CLASICO * DISP *50U * 6 GR', 12),
(105469, 'ALTOMAYO PERU S.A.C. ', 'ALTOMAYO CLASICO * DISP *50U * 6 GR', 12),
(105490, 'ALTOMAYO PERU S.A.C. ', 'ALTOMAYO CLASICO 2 TIRAS X 8 SOBRES X 12GR\r\n', 12),
(105493, 'ALTOMAYO PERU S.A.C. ', 'ALTOMAYO CLASICO 2 TIRAS X 8 SOBRES X 12GR\r\n', 12),
(105511, 'ALTOMAYO PERU S.A.C. ', 'ALTOMAYO GOURMET 2 TIRAS X 8 SBS X 10GR', 12),
(105518, 'ALTOMAYO PERU S.A.C. ', 'ALTOMAYO GOURMET 2 TIRAS X 8 SBS X 10GR', 12),
(121002, 'DOÑA GUMI', 'TE,CANELA,CL. DOÑA GUMI*100SOBRES', 2),
(121006, 'DOÑA GUMI', 'TE,CANELA,CL. DOÑA GUMI*100SOBRES', 2),
(121011, 'DOÑA GUMI', 'TE PURO DOÑA GUMI *CAJA*100SOBRES', 2),
(121014, 'DOÑA GUMI', 'TE PURO DOÑA GUMI *CAJA*100SOBRES', 2),
(121021, 'DOÑA GUMI', 'ANIS DOÑA GUMI *CAJA*100SOBRES', 2),
(121023, 'DOÑA GUMI', 'ANIS DOÑA GUMI *CAJA*100SOBRES', 2),
(121032, 'DOÑA GUMI', 'MANZANILLA DOÑA GUMI *100SOBRES\r\n', 2),
(121035, 'DOÑA GUMI', 'MANZANILLA DOÑA GUMI *100SOBRES\r\n', 2),
(133503, 'DOÑA GUMI', 'MERMELADA \"DOÑA GUMI \" FRESA*VASO * 320 GR', 2),
(133506, 'DOÑA GUMI', 'MERMELADA \"DOÑA GUMI \" FRESA*VASO * 320 GR', 2),
(133513, 'DOÑA GUMI', 'MERMELADA \"DOÑA GUMI\" FRESA *BARRIL* 1 KG', 2),
(133517, 'DOÑA GUMI', 'MERMELADA \"DOÑA GUMI\" FRESA *BARRIL* 1 KG', 2),
(133572, 'DOÑA GUMI', 'MERMELADA DOÑA GUMI*DIS*12UND*100GR', 2),
(133578, 'DOÑA GUMI', 'MERMELADA DOÑA GUMI*DIS*12UND*100GR', 2),
(133584, 'DOÑA GUMI', 'MERMELADA DOÑA GUMI*BOL*12UND*100GR', 2),
(133585, 'DOÑA GUMI', 'MERMELADA DOÑA GUMI*BOL*12UND*100GR', 2),
(134180, 'CLOROX PERU S.A.', 'CERA ALAGUA LIMON EMPERATRIZ*330ML.', 7),
(134181, 'CLOROX PERU S.A.', 'CERA PASTA EMPERATR AMARILLA*300ML', 7),
(134183, 'CLOROX PERU S.A.', 'CERA AUTOB.EMPERATRIZ ROJA LAVANDA *300ML.', 7),
(149605, 'BOMBONERIA DI PERUGIA S.A.C. ', 'BOMBONES CHOCOLATE BOUQUET *UND*90GR', 11),
(149606, 'BOMBONERIA DI PERUGIA S.A.C. ', 'BOMBONES CHOCOLATE BOUQUET *UND*90GR', 11),
(149612, 'BOMBONERIA DI PERUGIA S.A.C. ', 'BOMBONES CHOCOLATE BOUQUET *UND*110GR\r\n', 11),
(149614, 'BOMBONERIA DI PERUGIA S.A.C. ', 'BOMBONES CHOCOLATE BOUQUET *UND*110GR\r\n', 11),
(149652, 'BOMBONERIA DI PERUGIA S.A.C. ', 'BOMBOM DI PERUGIA LUCUMA*DIS*20UND\r\n', 11),
(149655, 'BOMBONERIA DI PERUGIA S.A.C. ', 'BOMBOM DI PERUGIA LUCUMA*DIS*20UND\r\n', 11),
(149664, 'BOMBONERIA DI PERUGIA S.A.C. ', 'BOMBOM DI PERUGIA TRES MARIAS*DIS*14UND', 11),
(149667, 'BOMBONERIA DI PERUGIA S.A.C. ', 'BOMBOM DI PERUGIA TRES MARIAS*DIS*14UND', 11),
(149676, 'BOMBONERIA DI PERUGIA S.A.C. ', 'BOMBOM DI PERUGIA PASAS C/PISCO*DIS*20UND', 11),
(149678, 'BOMBONERIA DI PERUGIA S.A.C. ', 'BOMBOM DI PERUGIA PASAS C/PISCO*DIS*20UND', 11),
(149685, 'BOMBONERIA DI PERUGIA S.A.C. ', 'BOMBOM DI PERUGIA TRUFA AL PISCO*DIS*20UND', 11),
(149689, 'BOMBONERIA DI PERUGIA S.A.C. ', 'BOMBOM DI PERUGIA TRUFA AL PISCO*DIS*20UND', 11),
(149692, 'BOMBONERIA DI PERUGIA S.A.C. ', 'BOMBOM DI PERUGIA CEREZA AL COGNAC*DIS*20UND', 11),
(149697, 'BOMBONERIA DI PERUGIA S.A.C. ', 'BOMBOM DI PERUGIA CEREZA AL COGNAC*DIS*20UND', 11),
(174573, 'COLGATE-PALMOLIVE PERU S.A.', 'JAB.PROTEX FRESH *12* 75 GR', 4),
(174576, 'COLGATE-PALMOLIVE PERU S.A.', 'JAB.PROTEX FRESH *12* 75 GR', 4),
(174581, 'COLGATE-PALMOLIVE PERU S.A.', 'JABON PROTEX SURTIDO * 12* 75 GR', 4),
(174585, 'COLGATE-PALMOLIVE PERU S.A.', 'JABON PROTEX SURTIDO * 12* 75 GR', 4),
(174642, 'COLGATE-PALMOLIVE PERU S.A.', 'JAB.PROTEX AVENA * 12 * 75 GR', 4),
(174646, 'COLGATE-PALMOLIVE PERU S.A.', 'JAB.PROTEX AVENA * 12 * 75 GR', 4),
(175003, 'COLGATE-PALMOLIVE PERU S.A.', 'JABON PROTEX FRESH * 130GR', 4),
(175007, 'COLGATE-PALMOLIVE PERU S.A.', 'JABON PROTEX FRESH * 130GR', 4),
(175042, 'COLGATE-PALMOLIVE PERU S.A.', 'JABON PROTEX HERBAL * 130GR.', 4),
(175045, 'COLGATE-PALMOLIVE PERU S.A.', 'JABON PROTEX HERBAL * 130GR.', 4),
(175162, 'COLGATE-PALMOLIVE PERU S.A.', 'J.PALMOLIVE NAT.AVENA & AZUCAR12*75GR.', 4),
(175167, 'COLGATE-PALMOLIVE PERU S.A.', 'J.PALMOLIVE NAT.AVENA & AZUCAR12*75GR.', 4),
(175173, 'COLGATE-PALMOLIVE PERU S.A.', 'J.PALMOLIVE NAT.ALOE OLIVA *12*75GR.\r\n', 4),
(175175, 'COLGATE-PALMOLIVE PERU S.A.', 'J.PALMOLIVE NAT.ALOE OLIVA *12*75GR.\r\n', 4),
(175181, 'COLGATE-PALMOLIVE PERU S.A.', 'J.PALMOLIVE NAT. SURTIDO*12*75GR', 4),
(175183, 'COLGATE-PALMOLIVE PERU S.A.', 'J.PALMOLIVE NAT. SURTIDO*12*75GR', 4),
(175352, 'COLGATE-PALMOLIVE PERU S.A.', 'JABON PROTEX LIMP.PROFUNDA*12 UND* 75GR', 4),
(175354, 'COLGATE-PALMOLIVE PERU S.A.', 'JABON PROTEX LIMP.PROFUNDA*12 UND* 75GR', 4),
(175384, 'COLGATE-PALMOLIVE PERU S.A.', 'JABON PROTEX COMPLETE 12HRS *12 UND* 75GR', 4),
(175385, 'COLGATE-PALMOLIVE PERU S.A.', 'JABON PROTEX COMPLETE 12HRS *12 UND* 75GR', 4),
(176194, 'COLGATE-PALMOLIVE PERU S.A.', 'JABON PROTEX LIMP.PROFUNDA* 130GR\r\n', 4),
(176442, 'COLGATE-PALMOLIVE PERU S.A.', 'JABON PROTEX COMPLETE 12HRS *UND*130GR', 4),
(176473, 'COLGATE-PALMOLIVE PERU S.A.', 'JABON PROTEX OMEGA3 *130GR*UND', 4),
(176482, 'COLGATE-PALMOLIVE PERU S.A.', 'JABON PROTEX MEN*UND*130GRM', 4),
(177313, 'COLGATE-PALMOLIVE PERU S.A.', 'DESOD.LADY SPEED STICK*DISPAY*16+2UND*12GR', 4),
(177324, 'COLGATE-PALMOLIVE PERU S.A.', 'DESOD.MEN SPEED STICK *DISPLAY*16+2UND*12GR', 4),
(177912, 'COLGATE-PALMOLIVE PERU S.A.', 'DESODORANTE LADY SPEED STICK*SPRAY*60GR', 4),
(177924, 'COLGATE-PALMOLIVE PERU S.A.', 'DESODORANTE MEN SPEED STICK *SPRAY*60GR', 4),
(178363, 'COLGATE-PALMOLIVE PERU S.A.', 'JAB. PALMOLIVE NAT AVENA Y AZÚCAR 130GR', 4),
(178375, 'COLGATE-PALMOLIVE PERU S.A.', 'JAB.PALMOLIVE NAT OLIVA Y ALOE 130GR', 4),
(178386, 'COLGATE-PALMOLIVE PERU S.A.', 'JAB.PALMOLIVE INTENSA RENOVACION*130GR', 4),
(178392, 'COLGATE-PALMOLIVE PERU S.A.', 'JABON PALMOLIVE HIDRAT. RADIANTE*UND*130GR', 4),
(200803, 'COLGATE-PALMOLIVE PERU S.A.', 'KOLYNOS SUPER BLANCO X 12 UNIDADES X 75 ML', 4),
(200873, 'COLGATE-PALMOLIVE PERU S.A.', 'KOLYNOS HERBAL X PAQUETE X 12 UNIDADES X 90ML', 4),
(201112, 'COLGATE-PALMOLIVE PERU S.A.', 'KOLYNOS SUPER BCO PEQUEÑO *12UND*22ML', 4),
(201411, 'COLGATE-PALMOLIVE PERU S.A.', 'COLGATE HERBAL X PAQUETE X 12UNIDADES X 90 GR', 4),
(201564, 'COLGATE-PALMOLIVE PERU S.A.', 'COLGATE TOTAL X 12 UNIDADES X 75 ML', 4),
(201611, 'COLGATE-PALMOLIVE PERU S.A.', 'C.D. SMILES BARBIE (6 +) COLGATE * UND* 75 ML', 4),
(201712, 'COLGATE-PALMOLIVE PERU S.A.', 'C.D.SMILES BARBIE(2-5)COLGATE*UND*75MLL', 4),
(201733, 'COLGATE-PALMOLIVE PERU S.A.', 'C.D.SMILES BOD ESP.(2-5)COLGATE*UND*75MLL', 4),
(201794, 'COLGATE-PALMOLIVE PERU S.A.', 'COLGATE TRIPLE ACCION X 12 UNIDADES X 75 ML', 4),
(201815, 'COLGATE-PALMOLIVE PERU S.A.', 'COLGATE TRIPLE ACCION PEQUEÑO*12UNIDADES*22ML', 4),
(202036, 'COLGATE-PALMOLIVE PERU S.A.', 'TRIPLE ACCION*50ML+CEP.PREM.CLEAN*PQT*06UND', 4),
(202207, 'COLGATE-PALMOLIVE PERU S.A.', 'COLGATE TRIPLE ACCION X 06 UNIDADES X 45 ML', 4),
(202228, 'COLGATE-PALMOLIVE PERU S.A.', 'COLGATE LUMINOUS WHITE * 4 UND * 75ML', 4),
(202239, 'COLGATE-PALMOLIVE PERU S.A.', 'C.D.COLGATE MAX.PROT.NEUTRAZUCAR*UND*45ML', 4),
(202259, 'COLGATE-PALMOLIVE PERU S.A.', 'CD COLGATE MAX.PROTE.ANTICARIES*12UND*63ML', 4),
(202268, 'COLGATE-PALMOLIVE PERU S.A.', 'COLGATE TRIPLE ACCION*12UND*150ML', 4),
(213107, 'COLGATE-PALMOLIVE PERU S.A.', 'CEPILLO TRIPLE ACCION X UND', 4),
(214016, 'COLGATE-PALMOLIVE PERU S.A.', 'CEPILLO KOLYNOS MASTER PLUS X DIS X *12+2 UND', 4),
(214035, 'COLGATE-PALMOLIVE PERU S.A.', 'CEPILLO COLGATE PREMIER CLEAN *DISP* 12+2 UND', 4),
(214194, 'COLGATE-PALMOLIVE PERU S.A.', 'CEPILLO COLGATE PREMIER CLEAN X TIRA X 12 UND', 4),
(214253, 'COLGATE-PALMOLIVE PERU S.A.', 'CEPILLO DR.RABBIT 2AÑOS A MAS COLGATE*12UND', 4),
(214352, 'COLGATE-PALMOLIVE PERU S.A.', 'CEP.COLGATE KIDS ( 5 AÑOS A MAS )*12UND', 4),
(215231, 'COLGATE-PALMOLIVE PERU S.A.', 'ENJUAGUE BUCAL PLAX ICE *FCO * 60 ML', 4),
(215511, 'COLGATE-PALMOLIVE PERU S.A.', 'CEPILLO COLGATE EXTRA CLEAN *BLISTER*2 UND', 4),
(261412, 'CARTAVIO RUM COMPANY S.A.C.', 'RON CARTAVIO BLACK * 1LT', 6),
(261453, 'CARTAVIO RUM COMPANY S.A.C.', 'RON CARTAVIO BLACK *750ML.', 6),
(261464, 'CARTAVIO RUM COMPANY S.A.C.', 'RON CARTAVIO BLACK *250ML.', 6),
(261585, 'CARTAVIO RUM COMPANY S.A.C.', 'RON CARTAVIO RUBIO *750ML.', 6),
(261596, 'CARTAVIO RUM COMPANY S.A.C.', 'RON CARTAVIO BLANCO *750ML.', 6),
(261607, 'CARTAVIO RUM COMPANY S.A.C.', 'CARTAVIO BLANCO *1 LT', 6),
(261618, 'CARTAVIO RUM COMPANY S.A.C.', 'CARTAVIO SUPERIOR *1 LT', 6),
(261629, 'CARTAVIO RUM COMPANY S.A.C.', 'RON CARTAVIO BLANCO *250ML.', 6),
(261639, 'CARTAVIO RUM COMPANY S.A.C.', 'RON CARTAVIO RUBIO *250ML.', 6),
(261678, 'CARTAVIO RUM COMPANY S.A.C.', 'RON CARTAVIO BLACK X 125 ML', 6),
(261687, 'CARTAVIO RUM COMPANY S.A.C.', 'RON CARTAVIO BLANCO *125ML', 6),
(261696, 'CARTAVIO RUM COMPANY S.A.C.', 'RON CARTAVIO RUBIO *125ML', 6),
(261865, 'CARTAVIO RUM COMPANY S.A.C.', 'CARTAVIO SOLERA *UND*750ML.', 6),
(261874, 'CARTAVIO RUM COMPANY S.A.C.', 'CARTAVIO AÑEJO 3 AÑOS*750ML', 6),
(262233, 'CARTAVIO RUM COMPANY S.A.C.', 'VODKA RUSSKAYA * UND *750ML', 6),
(262242, 'CARTAVIO RUM COMPANY S.A.C.', 'VODKA RUSSKAYA CITRUS *UND*750ML', 6),
(262261, 'CARTAVIO RUM COMPANY S.A.C.', 'VODKA RUSSKAYA * UND *1 LT', 6),
(266311, 'CARTAVIO RUM COMPANY S.A.C.', 'RON CARTAVIO CAPRICHO * UND* 700 MLL', 6),
(267502, 'BODEGAS Y VIÑEDOS TABERNERO S.A.C.', 'ESPUMANTE TABERNERO ESPECIAL S/SECO *750ML', 5),
(267506, 'BODEGAS Y VIÑEDOS TABERNERO S.A.C.', 'ESPUMANTE TABERNERO ESPECIAL S/SECO *750ML', 5),
(267553, 'BODEGAS Y VIÑEDOS TABERNERO S.A.C.', 'V.T.GRAN TINTO FINA RESERVA*750ML\r\n', 5),
(267557, 'BODEGAS Y VIÑEDOS TABERNERO S.A.C.', 'V.T.GRAN TINTO FINA RESERVA*750ML\r\n', 5),
(267564, 'BODEGAS Y VIÑEDOS TABERNERO S.A.C.', 'V.T.BORGOÑA SEMI SECO *750ML', 5),
(267568, 'BODEGAS Y VIÑEDOS TABERNERO S.A.C.', 'V.T.BORGOÑA SEMI SECO *750ML', 5),
(267585, 'BODEGAS Y VIÑEDOS TABERNERO S.A.C.', 'V.T.GRAN ROSE SEMI SECO *750ML', 5),
(267589, 'BODEGAS Y VIÑEDOS TABERNERO S.A.C.', 'V.T.GRAN ROSE SEMI SECO *750ML', 5),
(267600, 'BODEGAS Y VIÑEDOS TABERNERO S.A.C.', 'V.T.GRAN BLANCO S/SECO *750ML', 5),
(267606, 'BODEGAS Y VIÑEDOS TABERNERO S.A.C.', 'V.T.GRAN BLANCO S/SECO *750ML', 5),
(267617, 'BODEGAS Y VIÑEDOS TABERNERO S.A.C.', 'V.T.OPORTO EL FRAYLE V.R *750ML', 5),
(267618, 'BODEGAS Y VIÑEDOS TABERNERO S.A.C.', 'V.T.OPORTO EL FRAYLE V.R *750ML', 5),
(267686, 'BODEGAS Y VIÑEDOS TABERNERO S.A.C.', 'VINO TABERNERO G. TINTO SEMISECO*UND*750ML', 5),
(267688, 'BODEGAS Y VIÑEDOS TABERNERO S.A.C.', 'VINO TABERNERO G. TINTO SEMISECO*UND*750ML', 5),
(267805, 'BODEGAS Y VIÑEDOS TABERNERO S.A.C.', 'SANGRIA TABERNERO TINTO*1LT', 5),
(267809, 'BODEGAS Y VIÑEDOS TABERNERO S.A.C.', 'SANGRIA TABERNERO TINTO*1LT', 5),
(267845, 'BODEGAS Y VIÑEDOS TABERNERO S.A.C.', 'V.T.BORGOÑA SELECCION *750ML', 5),
(267859, 'BODEGAS Y VIÑEDOS TABERNERO S.A.C.', 'V.T.BORGOÑA SELECCION *750ML', 5),
(267865, 'BODEGAS Y VIÑEDOS TABERNERO S.A.C.', 'V.T.ROSE SELECCION *750ML', 5),
(267868, 'BODEGAS Y VIÑEDOS TABERNERO S.A.C.', 'V.T.ROSE SELECCION *750ML', 5),
(267907, 'BODEGAS Y VIÑEDOS TABERNERO S.A.C.', 'V.T.BORGOÑA SEMI SECO *1.5LT', 5),
(267909, 'BODEGAS Y VIÑEDOS TABERNERO S.A.C.', 'V.T.BORGOÑA SEMI SECO *1.5LT', 5),
(267916, 'BODEGAS Y VIÑEDOS TABERNERO S.A.C.', 'V.T.ROSE SEMI SECO *1.5LT', 5),
(267918, 'BODEGAS Y VIÑEDOS TABERNERO S.A.C.', 'V.T.ROSE SEMI SECO *1.5LT', 5),
(267925, 'BODEGAS Y VIÑEDOS TABERNERO S.A.C.', 'V.T.GRAN ROSE SEMI SECO *2LT', 5),
(267926, 'BODEGAS Y VIÑEDOS TABERNERO S.A.C.', 'V.T.GRAN ROSE SEMI SECO *2LT', 5),
(267954, 'BODEGAS Y VIÑEDOS TABERNERO S.A.C.', 'BORGOÑA TABERNERO SEMISECO *2 LT.', 5),
(267955, 'BODEGAS Y VIÑEDOS TABERNERO S.A.C.', 'BORGOÑA TABERNERO SEMISECO *2 LT.', 5),
(268013, 'BODEGAS Y VIÑEDOS TABERNERO S.A.C.', 'PISCO ACHOLADO\"LA BOTIJA\"*700ML (TUBULAR)', 5),
(268014, 'BODEGAS Y VIÑEDOS TABERNERO S.A.C.', 'PISCO ACHOLADO\"LA BOTIJA\"*700ML (TUBULAR)', 5),
(268022, 'BODEGAS Y VIÑEDOS TABERNERO S.A.C.', 'PISCO ITALIA \"LA BOTIJA\"*700ML (TUBULAR)', 5),
(268024, 'BODEGAS Y VIÑEDOS TABERNERO S.A.C.', 'PISCO ITALIA \"LA BOTIJA\"*700ML (TUBULAR)', 5),
(268031, 'BODEGAS Y VIÑEDOS TABERNERO S.A.C.', 'PISCO QUEBRANTA\"LA BOTIJA\"700ML ( TUBULAR )', 5),
(268033, 'BODEGAS Y VIÑEDOS TABERNERO S.A.C.', 'PISCO QUEBRANTA\"LA BOTIJA\"700ML ( TUBULAR )', 5),
(268302, 'BODEGAS Y VIÑEDOS TABERNERO S.A.C.', 'PISCO TABERNERO ACHOLADO LA BOTIJA*700ML', 5),
(268305, 'BODEGAS Y VIÑEDOS TABERNERO S.A.C.', 'PISCO TABERNERO ACHOLADO LA BOTIJA*700ML', 5),
(268313, 'BODEGAS Y VIÑEDOS TABERNERO S.A.C.', 'PISCO TABERNERO ITALIA LA BOTIJA*700ML', 5),
(268314, 'BODEGAS Y VIÑEDOS TABERNERO S.A.C.', 'PISCO TABERNERO ITALIA LA BOTIJA*700ML', 5),
(268324, 'BODEGAS Y VIÑEDOS TABERNERO S.A.C.', 'PISCO TABERNERO QUEBRANTA LA BOTIJA*700ML', 5),
(268326, 'BODEGAS Y VIÑEDOS TABERNERO S.A.C.', 'PISCO TABERNERO QUEBRANTA LA BOTIJA*700ML', 5),
(296165, 'COLGATE-PALMOLIVE PERU S.A.', 'SUAVITEL FRES. PRIMAVERA * FCO * 1 LT SOFLAN', 4),
(296167, 'COLGATE-PALMOLIVE PERU S.A.', 'SUAVITEL FRES. PRIMAVERA * FCO * 1 LT SOFLAN', 4),
(296211, 'COLGATE-PALMOLIVE PERU S.A.', 'SUAVITEL FRES. PRIMAVERA X UND X 5 LT SOFLAN', 4),
(296218, 'COLGATE-PALMOLIVE PERU S.A.', 'SUAVITEL FRES. PRIMAVERA X UND X 5 LT SOFLAN', 4),
(296416, 'COLGATE-PALMOLIVE PERU S.A.', 'SUAVITEL PRIMAVERAL * TIRA *12 *80 ML', 4),
(296419, 'COLGATE-PALMOLIVE PERU S.A.', 'SUAVITEL PRIMAVERAL * TIRA *12 *80 ML', 4),
(296553, 'COLGATE-PALMOLIVE PERU S.A.', 'SUAVIZANTE SUAVITEL A.INTENSE*TIR*12*90ML', 4),
(296556, 'COLGATE-PALMOLIVE PERU S.A.', 'SUAVIZANTE SUAVITEL A.INTENSE*TIR*12*90ML', 4),
(296565, 'COLGATE-PALMOLIVE PERU S.A.', '1 TIRA SUAVITEL*12*80ML+1 TIRA SUAV*12*90ML', 4),
(296566, 'COLGATE-PALMOLIVE PERU S.A.', '1 TIRA SUAVITEL*12*80ML+1 TIRA SUAV*12*90ML', 4),
(296573, 'COLGATE-PALMOLIVE PERU S.A.', 'SUAVIZANTE SUAVITEL PRIMAVERA*DPK*430 MLL', 4),
(296574, 'COLGATE-PALMOLIVE PERU S.A.', 'SUAVIZANTE SUAVITEL PRIMAVERA*DPK*430 MLL', 4),
(296581, 'COLGATE-PALMOLIVE PERU S.A.', 'SUAVIZANTE SUAVITEL PRIMAVERA*DPK*210MLL', 4),
(296585, 'COLGATE-PALMOLIVE PERU S.A.', 'SUAVIZANTE SUAVITEL PRIMAVERA*DPK*210MLL', 4),
(341802, 'CLOROX PERU S.A.', 'CERA AL AGUA LIMON EMPERATRIZ*300ML.', 7),
(341806, 'CLOROX PERU S.A.', 'CERA AL AGUA LIMON EMPERATRIZ*300ML.', 7),
(341811, 'CLOROX PERU S.A.', 'CERA AUTOB.EMPERATRIZ LIMON *300ML.', 7),
(341814, 'CLOROX PERU S.A.', 'CERA AUTOB.EMPERATRIZ LIMON *300ML.', 7),
(341823, 'CLOROX PERU S.A.', 'CERA AUTOB.EMPERATRIZ ROJA *300ML', 7),
(341824, 'CLOROX PERU S.A.', 'CERA AUTOB.EMPERATRIZ ROJA *300ML', 7),
(342002, 'CLOROX PERU S.A.', 'CERA LIQ EMPERATRIZ AMARILLA *300ML.', 7),
(342003, 'CLOROX PERU S.A.', 'CERA LIQ EMPERATRIZ AMARILLA *300ML.', 7),
(342013, 'CLOROX PERU S.A.', 'CERA LIQUI.EMPERATRIZ ROJA *300ML', 7),
(342014, 'CLOROX PERU S.A.', 'CERA LIQUI.EMPERATRIZ ROJA *300ML', 7),
(342051, 'CLOROX PERU S.A.', 'CERA PASTA EMPERATR AMARILLA*300ML', 7),
(342055, 'CLOROX PERU S.A.', 'CERA PASTA EMPERATR AMARILLA*300ML', 7),
(342064, 'CLOROX PERU S.A.', 'CERA PASTA EMPERATRIZ ROJA *300ML', 7),
(342067, 'CLOROX PERU S.A.', 'CERA PASTA EMPERATRIZ ROJA *300ML', 7),
(342075, 'CLOROX PERU S.A.', 'CERA PASTA EMPERATRIZ NEGRA *300ML.', 7),
(342077, 'CLOROX PERU S.A.', 'CERA PASTA EMPERATRIZ NEGRA *300ML.', 7),
(342336, 'CLOROX PERU S.A.', 'POETT PRIMAVERA *SPRAY*360CC.', 7),
(342345, 'CLOROX PERU S.A.', 'POETT PRIMAVERA *SPRAY*360CC.', 7),
(342757, 'CLOROX PERU S.A.', 'LEJIA CLOROX TRAD. *BOT* 2000GR.', 7),
(342788, 'CLOROX PERU S.A.', 'LEJIA CLOROX TRAD. *BOT* 2000GR.', 7),
(342822, 'CLOROX PERU S.A.', 'PINESOL REGULAR *BOT *267 ML', 7),
(342828, 'CLOROX PERU S.A.', 'PINESOL REGULAR *BOT *267 ML', 7),
(342904, 'CLOROX PERU S.A.', 'PINESOL ORIGINAL*FCO*900 ML.', 7),
(342909, 'CLOROX PERU S.A.', 'PINESOL ORIGINAL*FCO*900 ML.', 7),
(344013, 'CLOROX PERU S.A.', 'POETT PRIMAVERA *BOT* 900ML.', 7),
(344015, 'CLOROX PERU S.A.', 'POETT PRIMAVERA *BOT* 900ML.', 7),
(344022, 'CLOROX PERU S.A.', 'POETT LAVANDA *BOT* 900ML.', 7),
(344024, 'CLOROX PERU S.A.', 'POETT LAVANDA *BOT* 900ML.', 7),
(344031, 'CLOROX PERU S.A.', 'POETT BEBE *BOTELLA* 900ML.', 7),
(344033, 'CLOROX PERU S.A.', 'POETT BEBE *BOTELLA* 900ML.', 7),
(344044, 'CLOROX PERU S.A.', 'POETT SUAV ALGODON*BOT*900ML.', 7),
(344045, 'CLOROX PERU S.A.', 'POETT SUAV ALGODON*BOT*900ML.', 7),
(344205, 'CLOROX PERU S.A.', 'LIMPIADOR POETT LAVANDA*BOT*325 ML.', 7),
(344209, 'CLOROX PERU S.A.', 'LIMPIADOR POETT LAVANDA*BOT*325 ML.', 7),
(344216, 'CLOROX PERU S.A.', 'LIMPIADOR POETT PRIMAVERA*BOT*325ML', 7),
(344219, 'CLOROX PERU S.A.', 'LIMPIADOR POETT PRIMAVERA*BOT*325ML', 7),
(344226, 'CLOROX PERU S.A.', 'LIMPIADOR POETT SOLO PARA TI*BOT*325ML', 7),
(344227, 'CLOROX PERU S.A.', 'LIMPIADOR POETT SOLO PARA TI*BOT*325ML', 7),
(344235, 'CLOROX PERU S.A.', 'LIMPIADOR POETT BEBE*BOT*325MLL', 7),
(344244, 'CLOROX PERU S.A.', 'LIMPIADOR POETT E.JOVEN*BOT*325ML', 7),
(344253, 'CLOROX PERU S.A.', 'LIMPIADOR POETT B.BAMBU*BOT*325ML', 7),
(344264, 'CLOROX PERU S.A.', 'LIMPIADOR POETT DEJAVU*BOT*325ML', 7),
(344302, 'CLOROX PERU S.A.', 'LIMPIADOR POETT B.BAMBU*BOT*648ML', 7),
(344321, 'CLOROX PERU S.A.', 'LIMPIADOR POETT BEBE*BOT*648ML', 7),
(344333, 'CLOROX PERU S.A.', 'LIMPIADOR POETT PRIMAVERA*BOT*648MLL', 7),
(344365, 'CLOROX PERU S.A.', 'LIMPIADOR POETT DEJAVU*BOT*648ML', 7),
(344407, 'CLOROX PERU S.A.', 'LEJIA CLOROX TRAD. *BOT* 891GR.', 7),
(344806, 'CLOROX PERU S.A.', 'LEJIA CLOROX POWER GEL ORIGINAL*UND*275ML', 7),
(344809, 'CLOROX PERU S.A.', 'LEJIA CLOROX POWER GEL ORIGINAL*UND*275ML', 7),
(344815, 'CLOROX PERU S.A.', 'LEJIA CLOROX POWER GEL FLORAL*UND*275ML', 7),
(344824, 'CLOROX PERU S.A.', 'LEJIA CLOROX POWER GEL LAVANDA*UND*275ML', 7),
(344828, 'CLOROX PERU S.A.', 'LEJIA CLOROX POWER GEL LAVANDA*UND*275ML', 7),
(345807, 'CLOROX PERU S.A.', 'LEJIA CLOROX TRADIC.*PAQ*15UND*345GRM', 7),
(345814, 'CLOROX PERU S.A.', 'LEJIA CLOROX TRAD *PAQ *15UND*680GR', 7),
(345955, 'CLOROX PERU S.A.', 'CLOROX ROPA DE COLOR* BOT*292 ML.', 7),
(345959, 'CLOROX PERU S.A.', 'CLOROX ROPA DE COLOR* BOT*292 ML.', 7),
(345963, 'CLOROX PERU S.A.', 'CLOROX ROPA DE COLOR* BOT*580 ML', 7),
(345966, 'CLOROX PERU S.A.', 'CLOROX ROPA DE COLOR* BOT*580 ML', 7),
(347005, 'CLOROX CHILE S.A.', 'ESCOBILLON CLORINDA INTERIOR *UND', 8),
(347008, 'CLOROX CHILE S.A.', 'ESCOBILLON CLORINDA INTERIOR *UND', 8),
(347017, 'CLOROX CHILE S.A. ', 'ESCOBILLON CLORINDA MULTIUSO*UND', 8),
(347019, 'CLOROX CHILE S.A. ', 'ESCOBILLON CLORINDA MULTIUSO*UND', 8),
(347509, 'CLOROX PERU S.A.', 'ROPA COLOR CLOROX *TIR* 12 UND*100 MLL\r\n', 7),
(347590, 'CLOROX PERU S.A.', 'ROPA COLOR CLOROX *TIR* 12 UND*100 MLL\r\n', 7),
(349118, 'CLOROX PERU S.A.', 'PAÑO DE LIMPIEZA DIARIA CLEANING *3 UNDS', 7),
(349136, 'CLOROX PERU S.A.', 'PAÑO MULTIUSOS CLEANING *3 UNDS', 7),
(349167, 'CLOROX PERU S.A.', 'PAÑO MULTIUSOS CLEANING *UND', 7),
(349178, 'CLOROX PERU S.A.', 'FIBRA -ULTRA REMOCIÓN CLEANING * 9 UNDS', 7),
(349179, 'CLOROX PERU S.A.', 'FIBRA -ULTRA REMOCIÓN CLEANING * 9 UNDS', 7),
(349186, 'CLOROX PERU S.A.', 'ESPONJA DOBLE USO CLOROX *TIRA* 8 UND', 7),
(349505, '3M PERU S.A.', 'ESPONJA VERDE SCOTCH BRITE*DIS*15UND\r\n', 9),
(349514, '3M PERU S.A.', 'ESPONJA VERDE SCOTCH BRITE*DIS*18 UND\r\n', 9),
(349519, '3M PERU S.A.', 'ESPONJA VERDE SCOTCH BRITE*DIS*18 UND\r\n', 9),
(349525, '3M PERU S.A.', 'ESPONJA VERDE SCOTCH BRITE*TIR*12UND', 9),
(349528, '3M PERU S.A.', 'ESPONJA VERDE SCOTCH BRITE*TIR*12UND', 9),
(349544, '3M PERU S.A.', 'ESPONJA LA MAQUINA SCOTCH BRITE*DIS*13UND\r\n', 9),
(349547, '3M PERU S.A.', 'ESPONJA LA MAQUINA SCOTCH BRITE*DIS*13UND\r\n', 9),
(349552, '3M PERU S.A.', 'ESPONJA\"2EN1\"SCOTCH BRITE*DIS*6+1UND', 9),
(349555, '3M PERU S.A.', 'ESPONJA\"2EN1\"SCOTCH BRITE*DIS*6+1UND', 9),
(349563, '3M PERU S.A.', 'FIBRA C.RAYAS SCOTCH BRITE*DIS*6UND', 9),
(349564, '3M PERU S.A.', 'FIBRA C.RAYAS SCOTCH BRITE*DIS*6UND', 9),
(349575, '3M PERU S.A.', 'ESPONJA C.RAYAS SCOTCH BRITE\"2EN1\"DIS*6+1UND\r\n', 9),
(349576, '3M PERU S.A.', 'ESPONJA C.RAYAS SCOTCH BRITE\"2EN1\"DIS*6+1UND\r\n', 9),
(349584, '3M PERU S.A.', 'ESPONJA LA CLASICA SCOTCH BRITE*TIR*6UND', 9),
(349586, '3M PERU S.A.', 'ESPONJA LA CLASICA SCOTCH BRITE*TIR*6UND', 9),
(349603, '3M PERU S.A.', 'PAÑO ABSORBENTE SCOTCH BRITE*UND', 9),
(349604, '3M PERU S.A.', 'PAÑO ABSORBENTE SCOTCH BRITE*UND', 9),
(349623, '3M PERU S.A.', 'PAÑO SECATODO SCOTCH BRITE*UND', 9),
(349626, '3M PERU S.A.', 'PAÑO SECATODO SCOTCH BRITE*UND', 9),
(349644, '3M PERU S.A.', 'PAÑO SECATODO SCOTCH BRITE*PAQ*14UND', 9),
(349647, '3M PERU S.A.', 'PAÑO SECATODO SCOTCH BRITE*PAQ*14UND', 9),
(349653, '3M PERU S.A.', 'PAÑO MULTIUSOS SCOTCH BRITE*BOL*5UND', 9),
(349655, '3M PERU S.A.', 'PAÑO MULTIUSOS SCOTCH BRITE*BOL*5UND', 9),
(349704, '3M PERU S.A.', 'GUANTES SCOTCH BRITE COCINA MEDIANO*1*PAR', 9),
(349706, '3M PERU S.A.', 'GUANTES SCOTCH BRITE COCINA MEDIANO*1*PAR', 9),
(349715, '3M PERU S.A.', 'GUANTES SCOTCH BRITE MULTIUSO MEDIANO*1*PAR\r\n', 9),
(349716, '3M PERU S.A.', 'GUANTES SCOTCH BRITE MULTIUSO MEDIANO*1*PAR\r\n', 9),
(349813, '3M PERU S.A.', 'PAÑO SCOTCH BRITE ABSORBENTE *4 UND', 9),
(349814, '3M PERU S.A.', 'PAÑO SCOTCH BRITE ABSORBENTE *4 UND', 9),
(349823, '3M PERU S.A.', 'PAÑO SCOTCH BRITE SECATODO *4 UND', 9),
(349824, '3M PERU S.A.', 'PAÑO SCOTCH BRITE SECATODO *4 UND', 9),
(349903, '3M PERU S.A.', 'ESPONJA LA MAQ. S. BRITE*DIS*12UND', 9),
(349908, '3M PERU S.A.', 'ESPONJA LA MAQ. S. BRITE*DIS*12UND', 9),
(349912, '3M PERU S.A.', 'PAÑO SECATODO SCOTCH BRITE*PAQ*14UND', 9),
(380004, 'CLOROX PERU S.A.', 'CERA LIQUIDA AMARILLA*CJA*36*300ML', 7),
(380015, 'CLOROX PERU S.A.', 'CERA LIQUIDA ROJA*CJA*36*300ML', 7),
(380106, 'CLOROX PERU S.A.', 'CERA PASTA AMARILLA*CJA*36*300ML', 7),
(380117, 'CLOROX PERU S.A.', 'CERA PASTA ROJA*CJA*36*300ML', 7),
(380122, 'CLOROX PERU S.A.', 'CERA PASTA NEGRA*CJA*36*300ML', 7),
(380207, 'CLOROX PERU S.A.', 'CERA AUTOB.LIMON*CJA*36*300ML', 7),
(380214, 'CLOROX PERU S.A.', 'CERA AUTOB. ROJA*CJA*36*300ML', 7),
(380452, 'CLOROX PERU S.A.', 'CLOROX TRAD. *PAQ*6*2000GR', 7),
(380653, 'CLOROX PERU S.A.', 'PINESOL REGULAR *PQT *20 *267 ML', 7),
(380718, 'CLOROX PERU S.A.', 'PINESOL LIMON *PAQ*12*900ML', 7),
(380807, 'CLOROX PERU S.A.', 'PINESOL ORIGINAL *PAQ*6*1800ML', 7),
(380816, 'CLOROX PERU S.A.', 'PINESOL LIMON *PAQ*6*1800ML', 7),
(380899, 'CLOROX PERU S.A.', 'PINESOL ORIGINAL 4 * 3,800 ML', 7),
(380958, 'CLOROX PERU S.A.', 'CLOROX TRAD. R/COLOR *PAQ*12*930ML', 7),
(381208, 'CLOROX PERU S.A.', 'POETT BEBE *PAQ*12*900ML', 7),
(381216, 'CLOROX PERU S.A.', 'POETT PRIMAVERA*PAQ*12*900ML', 7),
(381229, 'CLOROX PERU S.A.', 'POETT LAVANDA*PAQ*12*900ML', 7),
(381240, 'CLOROX PERU S.A.', 'POETT SUAVIDAD*PAQ*12*900ML\r\n', 7),
(381257, 'CLOROX PERU S.A.', 'POETT ESPIRITU JOVEN*PAQ*12*900ML', 7),
(381266, 'CLOROX PERU S.A.', 'POETT BOSQUE BAMBU*PAQ*12*900ML', 7),
(381407, 'CLOROX PERU S.A.', 'POETT BEBE * PAQ*6*1800ML', 7),
(381415, 'CLOROX PERU S.A.', 'POETT PRIMAVERA*PAQ*6*1800ML', 7),
(381428, 'CLOROX PERU S.A.', 'POETT LAVANDA*PAQ*6*1800ML', 7),
(381469, 'CLOROX PERU S.A.', 'POETT BEBE GALON * 4 UND * 3800ML', 7),
(381475, 'CLOROX PERU S.A.', 'POETT PRIMAVERA GALON * 4 UND * 3800ML', 7),
(381577, 'CLOROX PERU S.A.', 'POETT ESPIRIT JOVEN SPRAY*PQ*12*360ML', 7),
(381595, 'CLOROX PERU S.A.', 'POETT BOSQ. BAMBU AEROSL*PQ*12*360ML', 7),
(381916, 'CLOROX PERU S.A.', 'CLOROX TRAD. R/BLANCA *PAQ*12*930ML', 7),
(381975, 'CLOROX PERU S.A.', 'CLOROX ROPA DE COLOR*20*292 ML.', 7),
(381986, 'CLOROX PERU S.A.', 'CLOROX ROPA DE COLOR* 20*580 ML.', 7),
(381994, 'CLOROX PERU S.A.', 'ROPA COLOR CLOROX *CJA*36 UND*100 ML', 7),
(382085, 'CLOROX PERU S.A.', 'LEJIA CLOROX TRADICIONAL *PQT *4 UND *4 KG', 7),
(382253, 'CLOROX PERU S.A.', 'POETT BEBE AEROSOL *PAQ*12*360ML', 7),
(382262, 'CLOROX PERU S.A.', 'POETT PRIMAVERA AEROSOL*PQ*12*360ML', 7),
(382293, 'CLOROX PERU S.A.', 'POETT SOLO PARA TI *PQ*12*360ML', 7),
(382604, 'CLOROX PERU S.A.', 'CLOROX TRAD. *PAQ*12*891GR', 7),
(382803, 'CLOROX PERU S.A.', 'CLOROX POWER GEL ORIGINAL*PAQ*24UND*275ML', 7),
(382815, 'CLOROX PERU S.A.', 'CLOROX POWER GEL FLORAL*PAQ*24UND*275ML', 7),
(382824, 'CLOROX PERU S.A.', 'CLOROX POWER GEL LAVANDA*PAQ*24UND*275ML', 7),
(386003, 'CLOROX PERU S.A.', 'LEJIA CLOROX TRADIC.*PAQ*15UND*345GR', 7),
(386012, 'CLOROX PERU S.A.', 'LEJIA CLOROX TRADIC*15UND*680GR', 7),
(386503, 'CLOROX PERU S.A.', 'LIMPIADOR POETT LAVANDA*BOT*15*325ML', 7),
(386522, 'CLOROX PERU S.A.', 'LIMPIADOR POETT BEBE*BOT*15*325ML', 7),
(386541, 'CLOROX PERU S.A.', 'LIMPIADOR POETT B.BAMBU*BOT*15*325ML', 7),
(386561, 'CLOROX PERU S.A.', 'LIMPIADOR POETT SOLO PARA TI*BOT*15*325ML', 7),
(387012, 'CLOROX PERU S.A.', 'LIMPIADOR POETT PRIMAVERA*BOT*15*648ML', 7),
(387023, 'CLOROX PERU S.A.', 'LIMPIADOR POETT BEBE*BOT*15*648ML', 7),
(387034, 'CLOROX PERU S.A.', 'LIMPIADOR POETT B.BAMBU*BOT*15*648ML', 7);

-- --------------------------------------------------------

--
-- Estructura de tabla para la tabla `proveedor`
--

CREATE TABLE `proveedor` (
  `IdProveedor` varchar(10) NOT NULL,
  `Proveedor` varchar(100) NOT NULL
) ENGINE=InnoDB DEFAULT CHARSET=utf8mb4 COLLATE=utf8mb4_0900_ai_ci;

--
-- Volcado de datos para la tabla `proveedor`
--

INSERT INTO `proveedor` (`IdProveedor`, `Proveedor`) VALUES
('1', 'AGRO INDUSTRIAL PARAMONGA S.A.'),
('10', 'ADM SAO PERU S.A. '),
('11', 'BOMBONERIA DI PERUGIA S.A.C. '),
('12', 'ALTOMAYO PERU S.A.C.'),
('2', 'DOÑA GUMI'),
('3', 'AJINOMOTO DEL PERU S.A.'),
('4', 'COLGATE-PALMOLIVE PERU S.A.'),
('5', 'BODEGAS Y VIÑEDOS TABERNERO S.A.C.'),
('5677508', 'Seidor'),
('567756', 'Seidor'),
('5677569', 'klp'),
('6', 'CARTAVIO RUM COMPANY S.A.C.'),
('7', 'CLOROX PERU S.A.'),
('7988317', 'Aduansa '),
('8', 'CLOROX CHILE S.A.'),
('9', '3M PERU S.A.');

-- --------------------------------------------------------

--
-- Estructura de tabla para la tabla `usuario`
--

CREATE TABLE `usuario` (
  `IdUser` varchar(12) NOT NULL,
  `Nombre` varchar(40) NOT NULL,
  `Password` varchar(40) NOT NULL,
  `Email` varchar(50) NOT NULL,
  `Estado` varchar(4) NOT NULL,
  `Roll` varchar(40) NOT NULL
) ENGINE=InnoDB DEFAULT CHARSET=utf8mb4 COLLATE=utf8mb4_0900_ai_ci;

--
-- Volcado de datos para la tabla `usuario`
--

INSERT INTO `usuario` (`IdUser`, `Nombre`, `Password`, `Email`, `Estado`, `Roll`) VALUES
('1343', 'jjmkn', 'cross40053', 'fernan400@gmail.com', 'ACTV', 'vendedor'),
('134523', 'jjmkn', 'cross40053', 'fernan40053@gmail.com', 'ACTV', 'vendedor'),
('2341', 'SWS', 'cross40053', 'Q@gmail.com', 'ACTV', 'vendedor'),
('234234', 'SWS', 'cross40053', 'fwQ@gmail.com', 'ACTV', 'vendedor'),
('3234543', 'sfrdf', 'dassdv', 'fernando40053@gmail.com', 'ACTV', 'vendedor'),
('34291', 'aqwe', 'poeks', 'asd@gmail.com', 'ACTV', 'vendedor'),
('42312', 'asxaqwe', 'cross40053', 'fernan53@gmail.com', 'ACTV', 'vendedor'),
('453568888', 'asda', 'cross40053', 'fernand53@gmail.com', 'ACTV', 'vendedor'),
('456734', 'wqre', 'cross40053', 'fernando4ef0053@gmail.com', 'ACTV', 'vendedor'),
('468453', 'dgcvd', 'password', 'fernaij40053@gmail.com', 'ACTV', 'vendedor'),
('5432', 'qwqeq', 'cross40053', 'fer@453.com', 'ACTV', 'vendedor'),
('75918150', 'Jor', 'fer3o2', 'Jor@gmail.com', 'ACTV', 'Comprador'),
('75918157', 'Jorge', 'fer3o2', 'Jorge@gmail.com', 'ACTV', 'Comprador'),
('75928157', 'Anthony', 'cross40053', 'fernando40053@gmail.com', 'ACTV', 'Comprador'),
('765938', 'jgesdfe', 'eedqw', 'fer@gmail.com', 'ACTV', 'vendedor'),
('7805856', 'Cross40053', 'Password', 'fern@gmail.com', 'ACTV', 'vendedor');

--
-- Índices para tablas volcadas
--

--
-- Indices de la tabla `catalogo`
--
ALTER TABLE `catalogo`
  ADD PRIMARY KEY (`CodigoProducto`);

--
-- Indices de la tabla `proveedor`
--
ALTER TABLE `proveedor`
  ADD PRIMARY KEY (`IdProveedor`);

--
-- Indices de la tabla `usuario`
--
ALTER TABLE `usuario`
  ADD PRIMARY KEY (`IdUser`);
COMMIT;

/*!40101 SET CHARACTER_SET_CLIENT=@OLD_CHARACTER_SET_CLIENT */;
/*!40101 SET CHARACTER_SET_RESULTS=@OLD_CHARACTER_SET_RESULTS */;
/*!40101 SET COLLATION_CONNECTION=@OLD_COLLATION_CONNECTION */;
